﻿<?xml version="1.0" encoding="utf-8" ?>
<objects xmlns="http://www.springframework.net"
         xmlns:db="http://www.springframework.net/database">

  <!--<db:provider id="dbProvider" provider="SqlServer-2.0"
    connectionString="Server=localhost;Database=KUAS;UID=sa;Password=123456;"/>-->

  <db:provider id="dbProvider" provider="SqlServer-2.0"
    connectionString="Data Source=.\SQLEXPRESS;Initial Catalog=KUAS;Integrated Security=True;MultipleActiveResultSets=True;"/>

  <object id="adoTemplate" type="Spring.Data.Generic.AdoTemplate, Spring.Data">
    <property name="DbProvider" ref="dbProvider"/>
    <property name="DataReaderWrapperType" value="Spring.Data.Support.NullMappingDataReader, Spring.Data"/>
  </object>
  
  <!--Transaction 設定-->
  <object id="transactionManager" type="Spring.Data.Core.AdoPlatformTransactionManager, Spring.Data">
    <property name="DbProvider" ref="dbProvider"/>
  </object>

  <object id="transactionProxy" abstract="true" type="Spring.Transaction.Interceptor.TransactionProxyFactoryObject, Spring.Data">
    <property name="PlatformTransactionManager" ref="transactionManager"/>
    <property name="TransactionAttributes">
      <name-values>
        <!-- 要把哪些 method(s) 納入交易控管 -->
        <add key="Save*"        value="PROPAGATION_REQUIRED" />
        <add key="Copy*"        value="PROPAGATION_REQUIRED" />
        <add key="Create*"      value="PROPAGATION_REQUIRED" />
        <add key="Insert*"      value="PROPAGATION_REQUIRED" />
        <add key="Update*"      value="PROPAGATION_REQUIRED" />
        <add key="Delete*"      value="PROPAGATION_REQUIRED" />
        <add key="Fresh*"       value="PROPAGATION_REQUIRED" />
        <add key="TransferCase" value="PROPAGATION_REQUIRED" />
      </name-values>
    </property>
  </object>

</objects>