﻿<?xml version="1.0" encoding="utf-8" ?>
<objects xmlns="http://www.springframework.net">

  <object id="employeeController" scope="request" singleton="false" type="KuasWebApp.Controllers.EmployeeController, KuasWebApp">
    <property name="EmployeeService" ref="employeeService" />
  </object>

  <object id="employeeService" type="KuasCore.Services.Impl.EmployeeService, KuasCore">
    <property name="EmployeeDao" ref="employeeDao" />
  </object>

  <object id="employeeDao" type="KuasCore.Dao.Impl.EmployeeDao, KuasCore">
    <property name="AdoTemplate" ref="adoTemplate" />
  </object>

</objects>